검사항목코드,검사항목명
HCSL3141,"Cotinine, urine"
L2001,WBC
L2002,RBC
L2003,Hb
L2004,Hct
L2005,RDW
L2006,PDW
L2008,ESR
L2009,PLT
L2010,Eosinophil count
L2011,Reticulocyte
L2012,WBC Differential count
L2013,CBC
L2014,IRF
L2015,Reticulocytes Panel
L2016,HPC
L2017,"CBC, ESR"
L2018,"CBC, Reticulocyte Panel"
L2021,MCV
L2022,MCH
L2023,MCHC
L2024,PCT
L2025,MPV
L2125,CMV Antigenemia Assay
L2131,CD34 absolute count(PBSC)
L2164,"LLM,Acute panel 초기진단용(CD2,5,7,10,13,19,20,33,34,56,61,117,MPO,TdT)"
L2165,"LLM,Chronic panel 초기진단용(CD2,5,7,10,19,20,22,23,56,FMC7,Kappa,Lambda,TdT)"
L2167,"PNH panel (RBC,Granulocyte,monocyte)"
L2177,MRD (Minimal residual disease)
L2178,"CD41(GPIIb,Platelet Ag)"
L2201,Coagulation Panel
L2203,PT (Prothrombin time)
L2204,aPTT(activated partial thromboplastin time)
L2206,Fibrinogen(검사24시간가능)
L2207,Mixing PT test
L22070,Mixing aPTT test
L2208,Factor assay (VIII)
L2209,Factor assay (IX)
L2215,Thrombin Time
L2225,Coagulation with D-dImer
L2230,Factor assay(II)
L2231,Factor assay (V)
L2232,Factor assay (VII)
L2233,Factor assay (X)
L2234,Factor assay (XI)
L2235,Factor assay (XII)
L2236,Factor VIII Ab
L2237,Factor IX Ab
L2245,FactorXIII screening
L2249,Plasminogen
L2250,Protein S
L2251,APC resistance
L2256,ACA (IgG & IgM)
L2257,Thrombosis panel
L2259,Platelet aggregation panel
L2262,DIC Panel
L2263,Anti-Xa UFH
L2264,Anti Xa LMWH Test
L2264,Anti-Xa LMWH
L2265,D-dimer assay (정량)
L2266,Platelet Drug Response Assay (Aspirin + P2Y12)
L2267,Platelet Drug Response Assay (Aspirin)
L2268,Platelet Drug Response Assay (P2Y12)
L2272,"신속 혈소판 기능검사 (PFA100, C/EPI)"
L2273,"신속 혈소판 기능검사 (PFA100, C/ADP)"
L2278,Lupus anticoagulant(Total)
L2282,vWF Antigen
L2283,vWF RCo activity
L2284,"Anti-β₂-Glycoprotein I antibody, IgG & IgM"
L2285,Anti-Heparin/PF4 IgG Ab
L2401,BM aspiration
L2402,BM Diagnosis(한쪽)
L24021,BM Diagnosis(양쪽)
L2403,BM consultation
L2404,BM biopsy
L2504,Borrelia burgdoferi PCR
L2506,Pneumocystis jiroveci (P. carinii) PCR
L2507,Legionella pneumophila PCR
L2508,BK virus PCR
L250801,JC virus PCR
L2509,Cytomegalovirus PCR
L25100,"Myotonic dystrophy (DM1), DMPK PCR & Southern"
L25101,"Myotonic dystrophy(DM1), Southern"
L25102,"Myotonic dystrophy(DM1), PCR"
L25105,"Fragile X syndrome(FRAXA), FMR1 Southern"
L25106,"Prader-Willi/Angelman Syndrome, Methylation PCR"
L25107,"RETT syndrome, MECP2 sequencing"
L2511,Hepatitis C virus (HCV) PCR
L25111,"CADASIL, NOTCH3 sequencing"
L25113,"Wilson disease, ATP7B sequencing"
L25115,"GSD1a, G6PC sequencing"
L25116,"Spastic paraplegia, SPG4 (SPAST) sequencing"
L25117,"CMT/HNPP, PMP22 sequencing"
L25118,"CMT, MPZ sequencing"
L25119,"CMT, GJB1 (cx32) sequencing"
L25120,"CMT1A/HNPP, PMP22 del/dup (MLPA)"
L251201,Chlamydia trachomatis PCR
L25121,"MELAS, MT-TL1 sequencing"
L25122,"MERRF, MT-TK sequencing"
L25123,"MTHFR, 1298A>C"
L25124,"ABO subgroup, ABO sequencing (exon 6,7)"
L25125,BRCA1 sequencing
L25126,BRCA2 sequencing
L25127,Cell culture(Amniotic fluid)
L25129,TPMT(1) genotyping
L2513,Mycoplasma pneumoniae PCR
L25130,"가족검사 beta-Thalassemia, HBB sequencing"
L25131,"가족검사 Norrie disease, NDP sequencing"
L25132,"가족검사 Deafness, GJB2 sequencing"
L25133,"가족검사 RETT syndrome, MECP2 sequencing"
L25134,"가족검사 CADASIL, NOTCH3 sequencing"
L25135,"가족검사 Wilson disease, ATP7B sequencing"
L25136,"가족검사 GSD1a, G6PC sequencing"
L25137,"가족검사 Spastic paraplegia, SPG4 (SPAST) sequencing"
L25138,"가족검사 CMT/HNPP, PMP22 sequencing"
L25139,"가족검사 CMT, MPZ sequencing"
L2514,Ureaplasma urealyticum PCR
L25140,"가족검사 CMT, GJB1 sequencing"
L25141,가족검사 BRCA1/2 sequencing
L25147,"Friedreich ataxia (FRDA), GAA Southern"
L25148,"JAK2, V617F"
L25149,"Neurofibromatosis 2, NF2 Sequencing"
L25150,"가족검사 Neurofibromatosis 2, NF2 Sequencing"
L25151,"Respiratory virus, PCR Panel"
L25152,"Adenovirus, nested PCR"
L25153,"Respiratory syncytial virus, RT-nested PCR"
L25154,"Influenza virus A,B, RT-nested PCR"
L25155,"Parainfluenza virus 1,2,3, RT-nested PCR"
L25156,"Cytomegalovirus 정량검사, real-time PCR"
L25157,"Epstein-Barr virus 정량검사, real-time PCR"
L25158,"Parvovirus B19 정량검사, real-time PCR"
L25159,"BK virus 정량검사, real-time PCR"
L2516,HSV1 PCR
L25160,"BCR-ABL1 정량검사, real-time PCR (Major, minor)"
L251601,HSV2 PCR
L25161,"PML-RARA rearrangement, 정량, real-time RT-PCR"
L25162,"ETV6-RUNX1 (TEL-AML1) rearrangement, 정량, real-time RT-PCR"
L25163,"RUNX1-RUNX1T1 (AML1-ETO) rearrangement, 정량, real-time RT-PCR"
L25164,RhCcEe genotyping
L25165,"HIV drug resistance mutation, sequencing"
L25166,"Bacterial Identification, rDNA sequencing"
L25168,"Fungal Identification, rDNA sequencing"
L25169,"Agammaglobulinemia, X-linked, BTK sequencing"
L2517,Epstein-Barr virus PCR
L25170,"Androgen insensitivity syndorme, AR sequencing"
L25171,"Long QT syndrome, KCNQ1 sequencing"
L25172,"Dopa-responsive dystonia, GCH1 sequencing"
L25173,"Amyotrophic lateral sclerosis, SOD1 sequencing"
L25174,"Hypokalemic periodic paralysis, CACNA1S sequencing"
L25175,"Multiple epiphyseal dysplasia, COMP sequencing"
L25176,"Multiple epiphyseal dysplasia, MATN3 sequencing"
L25177,"Corneal dystrophy, TGFBI(3), (exon 1-17, 전체 exon) sequencing"
L25178,"Frontotemporal dementia, MAPT sequencing"
L25179,"Polycystic kidney disease 2, Autosomal dominant, PKD2 sequencing"
L25180,"Alagille syndrome, JAG1 sequencing"
L25181,"Osteogenesis Imperfecta (OI), COL1A1/COL1A2 sequencing"
L25182,"Osteogenesis Imperfecta (OI), COL1A1, sequencing"
L25183,"Osteogenesis Imperfecta (OI), COL1A2, sequencing"
L25184,"alpha-Thalassemia, HBA1/HBA2 Sequencing, del/dup"
L25185,"alpha-Thalassemia, HBA1/HBA2, Del/Dup"
L25186,"alpha-Thalassemia, HBA1/HBA2, Sequencing"
L25187,"가족검사 Agammaglobulinemia, X-linked, BTK sequencing"
L25188,"가족검사 Androgen insensitivity syndorme, AR sequencing"
L25189,"가족검사 Long QT syndrome, KCNQ1 sequencing"
L2519,Parvovirus B19 PCR
L25190,"가족검사 Dopa-responsive dystonia, GCH1 sequencing"
L25191,"가족검사 Amyotrophic lateral sclerosis, SOD1 sequencing"
L25192,"가족검사 Hypokalemic periodic paralysis, CACNA1S sequencing"
L25193,"가족검사 Multiple epiphyseal dysplasia, COMP sequencing"
L25194,"가족검사 Multiple epiphyseal dysplasia, MATN3 sequencing"
L25195,"가족검사 Corneal dystrophy, TGFBI sequencing"
L25196,"가족검사 Frontotemporal dementia, MAPT sequencing"
L25197,"가족검사 Polycystic kidney disease 2, Autosomal dominant, PKD2 sequencing"
L25198,"가족검사 Alagille syndrome, JAG1 sequencing"
L25199,"가족검사 Osteogenesis Imperfecta (OI), COL1A1/COL1A2 sequencing"
L2520,Bordetella pertussis PCR
L25200,"가족검사 alpha-Thalassemia, HBA1/HBA2 Sequencing, del/dup"
L25201,"Corneal dystrophy, TGFBI(1), (exon 4, 11-14) sequencing"
L25202,"Corneal dystrophy, TGFBI(2), (exon 1-3, 5-10, 15-17) sequencing"
L25203,"Long QT syndrome, KCNH2 sequencing"
L25204,"Glycogen storage disease type 3, AGL sequencing"
L25205,"Von Willebrand disease, VWF sequencing"
L25206,"가족검사 Long QT syndrome, KCNH2 sequencing"
L25207,"가족검사 Glycogen storage disease type 3, AGL sequencingng"
L25208,"가족검사 von Willebrand disease, VWF sequencing"
L25209,"Tuberous sclerosis, TSC1/TSC2 Sequencing"
L25212,"가족검사, Tuberous sclerosis, TSC1/TSC2 Sequencing"
L25213,"VHL syndrome, VHL sequencing"
L25214,"Marfan Syndrome, FBN1 sequencing"
L25215,"Parkinson disease, PARK2 sequencing"
L25216,"Pendred syndrome, SLC26A4 sequencing"
L25217,"Noonan syndrome, PTPN11 sequencing"
L25218,"Familial hemiplegic migraine, episodic ataxia type 2, CACNA1A sequencing"
L25219,"Neurofibromatosis 1, NF1 sequencing"
L25220,"Hereditary spastic paraplegia, SPG3A sequencing"
L25221,"Protein S deficiency, PROS1 sequencing"
L25222,"Wiskott-Aldrich syndrome, WAS sequencing"
L25223,"Protein C deficiency, PROC sequencing"
L25224,"Antithrombin deficiency, SERPINC1 sequencing"
L25225,"MODY3(maturity-onset diabetes of the young), TCF1 sequencing"
L25226,"OPMD, PABPN1, GCN repeat expansion"
L25227,"Low GGT familial intrahepatic cholestasis, ATP8B1 sequencing"
L25228,"Low GGT familial intrahepatic cholestasis, ABCB11 sequencing"
L25229,"Early-onset familial Alzheimer disease, PSEN1 sequencing"
L25230,"CYP2C19, major genotyping"
L25231,"NAT2, major genotyping"
L25232,"CYP2C9, major genotyping"
L25236,NPM1 mutation
L25237,"Retinoschisis, RS1 sequencing"
L25238,"Multiple endocrine neoplasia type 2, RET sequencing"
L25239,"가족검사 VHL syndrome, VHL sequencing"
L2524,Hantaan virus PCR
L25240,"가족검사, Marfan Syndrome, FBN1 sequencing"
L25241,"가족검사 Parkinson disease, PARK2 sequencing"
L25242,"가족검사 Pendred syndrome, SLC26A4 sequencing"
L25243,"가족검사 Noonan syndrome, PTPN11 sequencing"
L25244,"가족검사 Familial hemiplegic migraine, episodic ataxia type 2, CACNA1A sequencing"
L25245,"가족검사 Neurofibromatosis 1, NF1 sequencing"
L25246,"가족검사 Hereditary spastic paraplegia, SPG3A sequencing"
L25247,"가족검사 Protein S deficiency, PROS1 sequencing"
L25248,"가족검사 Wiskott-Aldrich syndrome, WAS sequencing"
L25249,"가족검사 Protein C deficiency, PROC sequencing"
L2525,Varicella zoster virus PCR
L25250,"가족검사 Antithrombin deficiency, SERPINC1 sequencing"
L25251,"가족검사 MODY3(maturity-onset diabetes of the young), TCF1 sequencing"
L25252,"가족검사 Multiple endocrine neoplasia type 2, RET sequencing"
L25253,"가족검사 Low GGT familial intrahepatic cholestasis, ATP8B1 sequencing"
L25254,"가족검사 Low GGT familial intrahepatic cholestasis, ABCB11 sequencing"
L25255,"가족검사 Early-onset familial Alzheimer disease, PSEN1 sequencing"
L25256,"가족검사 Retinoschisis, RS1 sequencing"
L25257,"LHON, MT-ND1, MT-MD4, MT-ND6 Sequencing"
L25258,"가족검사 LHON, MT-ND1, MT-MD4, MT-ND6 Sequencing"
L25259,"Long QT syndrome, SCN5A sequencing"
L2526,EHEC PCR
L25262,"가족검사 Long QT syndrome, SCN5A sequencing"
L25265,"Familial Hypokalemic periodic paralysis, SCN4A sequencing"
L25266,"Type II collagenopathies, collagen type 2 alpha 1, COL2A1 sequencing"
L25267,"Ehlers-Danlos syndrome type IV, COL3A1 sequencing"
L25268,"Metaphyseal Chondrodysplasia, Schmid Type, COL10A1 sequencing"
L25269,"Optic atrophy type 1, OPA1 sequencing"
L2527,"Human papilloma virus, hybrid capture (high risk)"
L25270,"Menkes disease, ATP7A sequencing"
L25272,FGFR1 sequencing
L25273,FGFR2 sequencing
L25274,FGFR3 sequencing
L25275,"Fibrodysplasia ossificans progressiva(FOP),ACVR1 ,R206H sequencing"
L25276,"NARP, MT-ATP6 sequencing"
L25277,"RPE65, sequencing"
L25279,DMD sequencing
L25280,"SMA, SMN1 and SMN2 del/dup"
L25281,"SMA, SMN1 sequencing[이 검사 전에 L25280 SMA del/dup 검사를 먼저 시행해야 함]"
L25286,Human herpes virus 6(HHV6) PCR
L25291,"가족검사 Familial Hypokalemic periodic paralysis, SCN4A sequencing"
L25292,"가족검사, Type II collagenopathies, collagen type 2 alpha 1, COL2A1 sequencing"
L25293,"가족검사 Ehlers-Danlos syndrome type IV, COL3A1 sequencing"
L25295,"가족검사 Optic atrophy type 1, OPA1 sequencing"
L25296,"가족검사 Menkes disease, ATP7A sequencing"
L25298,가족검사 FGFR1 sequencing
L25299,가족검사 FGFR2 sequencing
L2530,Malaria PCR
L25300,가족검사 FGFR3 sequencing
L25301,"가족검사 FOP,ACVR1 sequencing"
L25302,가족검사 RPE65 sequencing
L25303,가족검사 DMD sequencing
L25304,"가족검사 SMA, SMN1 sequencing"
L25305,"Pandemic Influenza A virus (H1N1) 2009, Real-time RT PCR"
L25306,"Congenital Insensitivity to Pain with Anhidrosis; HSAN Type IV, NTRK1 sequencing"
L25307,"Citrin deficiency, SLC25A13 sequencing"
L25308,"Myoclonus-dystonia, SGCE sequencing"
L25309,UGT1A1 sequencing
L2531,Enterovirus PCR
L25310,"가족검사 Citrin deficiency, SLC25A13 sequencing"
L25311,"가족검사 Myoclonus-dystonia, SGCE sequencing"
L25312,가족검사 UGT1A1 sequencing
L25313,"가족검사 Congenital Insensitivity to Pain with Anhidrosis; HSAN Type IV, NTRK1 sequencing"
L25314,"Cystic fibrosis, CFTR sequencing"
L25315,"가족검사 Cystic fibrosis, CFTR sequencing"
L25316,"Loeys-Dietz syndrome, TGFBR1 sequencing"
L25317,"Loeys-Dietz syndrome, TGFBR2 sequencing"
L25318,"가족검사 Loeys-Dietz syndrome, TGFBR1 sequencing"
L25319,"가족검사 Loeys-Dietz syndrome, TGFBR2 sequencing"
L2532,HIV viral load (정량검사)
L25320,Human herpes virus 8(HHV8) PCR
L25321,"Pompe disease, GAA sequencing"
L25322,"가족검사 Pompe disease, GAA sequencing"
L25323,"Citrullinemia type I, ASS1 sequencing"
L25324,"가족검사 Citrullinemia type I, ASS1 sequencing"
L25325,TPMT(2) gene sequencing
L25326,"CMT2, MFN2 sequencing"
L25327,"가족검사 CMT2, MFN2 sequencing"
L25328,"Galactosemia type II, GALK1 sequencing"
L25329,"Galactosemia, GALE sequencing"
L2533,HCV viral load (정량검사)
L25330,"Aniridia, PAX6 sequencing"
L25331,"가족검사 Galactosemia type II, GALK1 sequencing"
L25332,"가족검사 Galactosemia, GALE sequencing"
L25333,"가족검사 Aniridia, PAX6 sequencing"
L25334,"Ornithine transcarbamylase deficiency, OTC sequencing"
L25335,"가족검사 Ornithine transcarbamylase deficiency, OTC sequencing"
L25337,마이코박테리움 신속동정검사 (TB/NTM ID)
L25339,Influenza A virus subtyping
L25340,"Familial adenomatous polyposis, APC sequencing"
L25341,"Li-Fraumeni syndrome, TP53 sequencing"
L25342,"Hereditary multiple osteochondromas, EXT1 sequencing"
L25343,"Hereditary multiple osteochondromas, EXT2 sequencing"
L25344,"Retinoblastoma, RB1 sequencing"
L25345,"Peutz-Jeghers syndrome, STK11 sequencing"
L25346,"가족검사 Familial adenomatous polyposis, APC sequencing"
L25347,"가족검사 Li-Fraumeni syndrome, TP53 sequencing"
L25348,"가족검사 Hereditary multiple osteochondromas, EXT1 sequencing"
L25349,"가족검사 Hereditary multiple osteochondromas, EXT2 sequencing"
L2535,HBV viral load (정량검사)
L25350,"가족검사 Retinoblastoma, RB1 sequencing"
L25351,"가족검사 Peutz-Jeghers syndrome, STK11 sequencing"
L25352,"Hereditary Non-Polyposis Colon Cancer (HNPCC),MLH1/MSH2 sequencing"
L25355,"가족검사 Hereditary Non-Polyposis Colon Cancer (HNPCC), MLH1/MSH2 sequencing"
L25356,"JAK2, exon 12 sequencing"
L25357,"Pantothenate kinase-associated neurodegeneration, PANK2 gene, sequencing"
L25358,"가족검사 Pantothenate kinase-associated neurodegeneration, PANK2 sequencing"
L25359,"Gaucher disease, GBA sequencing"
L25360,"가족검사 Gaucher disease, GBA sequencing"
L25361,"FLT3, ITD & TKD"
L25362,"Leukemia gene rearrangement (Hemavision), multiplex nested RT-PCR"
L25363,"CBFB-MYH11 rearrangment, 정량, real-time RT-PCR"
L25364,"BCR-ABL1, drug resistant mutation, sequencing"
L25365,"KIT, mutation, sequencing"
L25366,"NRAS mutation (codon 12, 13, 61 포함), sequencing"
L25367,"KRAS mutation (codon 12, 13, 61 포함), sequencing"
L25368,"BAALC mRNA, 정량, real-time RT-PCR"
L25369,"WT1 mRNA, 정량, real-time RT-PCR"
L25370,"NPM1 mutation, mRNA 정량, real-time RT-PCR"
L25371,Microsatellite instability (MSI)
L25372,"EGFR, exon 18-21 sequencing"
L25373,"BRAF, exon 15 sequencing"
L25374,GST genotyping
L25375,"PTEN hamartoma tumor syndrome (PHTS), PTEN sequencing"
L25376,"가족검사 PTEN hamartoma tumor syndrome (PHTS), PTEN sequencing"
L25377,"Juvenile Polyposis Syndrome, SMAD4 sequencing"
L25378,"가족검사 Juvenile Polyposis Syndrome, SMAD4 sequencing"
L25379,"ELANE-related neutropenia, ELANE (ELA2) sequencing"
L2538,HPV genotyping (DNA microarray test)
L25380,"가족검사 ELANE-related neutropenia, ELANE (ELA2) sequencing"
L25381,"Krabbe disease, GALC sequencing"
L25382,"가족검사 Krabbe disease, GALC sequencing"
L25383,"Fibrodysplasia ossificans progressiva(FOP), ACVR1 sequencing"
L25384,"Caffey disease, COL1A1, R836C sequencing"
L25385,Trichomonas vaginalis PCR
L25388,Neisseria gonorrhoeae PCR
L2539,"Human papilloma virus, hybrid capture(low risk)"
L25390,"HBV 약제내성, sequencing"
L25391,HCV genotyping
L25392,Mycoplasma genitalium PCR
L25393,Mycoplasma hominis PCR
L25395,"Congenital adrenal hyperplasia(CAH),CYP21A2 sequencing"
L25396,"가족검사 CAH,CYP21A2 sequencing"
L25397,SCA17
L25400,"Multiple endocrine neoplasia Type 1, MEN1 sequencing"
L25401,"가족검사 Multiple endocrine neoplasia Type 1, MEN1 sequencing"
L25402,"Familial transthyretin amyloidosis, TTR sequencing"
L25403,"가족검사 Familial transthyretin amyloidosis, TTR sequencing"
L25404,"M. tuberculosis PCR (리팜핀내성 포함), 진검시행"
L25406,"Smith-Lemli-Opitz Syndrome, DHCR7 sequencing"
L25407,"가족검사 Smith-Lemli-Opitz Syndrome, DHCR7 sequencing"
L25408,"PLP1, deletion/duplication test [MLPA]"
L25409,VKORC1 genotyping
L2541,IgH rearrangement
L25410,"X-linked adrenoleukodystrophy, ABCD1 sequencing"
L25411,"Familial hemophagocytic lymphohistiocytosis, PRF1 sequencing"
L25412,"Familial hemophagocytic lymphohistiocytosis, UNC13D sequencing"
L25413,"가족검사 X-linked adrenoleukodystrophy, ABCD1 sequencing"
L25414,"가족검사 Familial hemophagocytic lymphohistiocytosis, PRF1 sequencing"
L25415,"가족검사 Familial hemophagocytic lymphohistiocytosis, UNC13D sequencing"
L25418,"FSHD, D4Z4 (PFGE, Southern)"
L25419,"친자확인(개인식별)검사, STR"
L25420,"Incontinentia pigmenti, IKBKG sequencing"
L25421,"Mucopolydaccharidosis type II, IDS sequencing"
L25422,"Gitelman syndrome, SLC12A3 sequencing"
L25423,"Fanconi anemia, FANCA sequencing"
L25424,ABCC8 sequencing
L25425,"Congenital central hypoventilation syndrome (CCHS), PHOX2B sequencing"
L25426,"CHARGE syndrome, CHD7 sequencing"
L25427,"Arylsulfatase A Deficiency, ARSA sequencing"
L25428,"가족검사 Incontinentia pigmenti, IKBKG sequencing"
L25429,"가족검사 Mucopolydaccharidosis type II, IDS sequencing"
L2543,TCR beta rearrangement
L25430,"가족검사 Gitelman syndrome, SLC12A3 sequencing"
L25431,"가족검사 Fanconi anemia, FANCA sequencing"
L25432,가족검사 ABCC8 sequencing
L25433,"가족검사 Congenital central hypoventilation syndrome (CCHS), PHOX2B sequencing"
L25434,"가족검사 CHARGE syndrome, CHD7 sequencing"
L25435,"가족검사 Arylsulfatase A Deficiency, ARSA sequencing"
L25437,"X-SCID, IL2RG sequencing"
L25438,"가족검사, X-SCID, IL2RG sequencing"
L25439,착상전유전진단(PGD)
L2544,TCR gamma rearrangement
L25440,"FGFR3, Pro250Arg mutation"
L25441,"GNE-Related Myopathy, GNE sequencing"
L25442,"가족검사GNE-Related Myopathy, GNE sequencing"
L25443,"Hereditary Paraganglioma-Pheochromocytoma Syndromes, SDHB sequencing"
L25444,"Hereditary Paraganglioma-Pheochromocytoma Syndromes, SDHD sequencing"
L25445,"가족검사, Hereditary Paraganglioma-Pheochromocytoma Syndromes, SDHB sequencing"
L25446,"가족검사, Hereditary Paraganglioma-Pheochromocytoma Syndromes, SDHD sequencing"
L25447,"Arginase deficiency, ARG1 sequencing"
L25448,"Analbuminemia, ALB sequencing"
L25449,"Limb-girdle muscular dystrophy type 2A (LGMD2A), CAPN3 sequencing"
L25450,"Rubinstein Taybi syndrome, CREBBP sequencing"
L25451,"IPEX syndrome, FOXP3 sequencing"
L25452,"Zellweger syndrome, PEX1 sequencing"
L25453,"Glycogen Storage Disease Type V (GSDV, McArdle disease), PYGM sequencing"
L25454,"가족검사, Arginase deficiency, ARG1 sequencing"
L25455,"가족검사, Analbuminemia, ALB sequencing"
L25456,"가족검사, Limb-girdle muscular dystrophy type 2A (LGMD2A), CAPN3 sequencing"
L25457,"가족검사, Rubinstein Taybi syndrome, CREBBP sequencing"
L25458,"가족검사, IPEX syndrome, FOXP3 sequencing"
L25459,"가족검사, Zellweger syndrome, PEX1 sequencing"
L25460,"가족검사, Glycogen Storage Disease Type V (GSDV, McArdle disease), PYGM sequencing"
L25461,"Limb girdle muscular dystrophy 2B, DYSF sequencing"
L25462,"가족검사, Limb girdle muscular dystrophy 2B, DYSF sequencing"
L25463,"Glycogen storage disease type 4, GBE1 gene, sequencing"
L25464,"가족검사, Glycogen storage disease type 4, GBE1 gene, sequencing"
L25465,"Pseudohypoparathyroidism, GNAS gene, sequencing"
L25466,"가족검사 Pseudohypoparathyroidism, GNAS gene, sequencing"
L25467,Carbapenemase gene PCR
L25468,SFTS (Severe fever with thrombocytopenia syndrome) Real-time RT-PCR
L2548,"Major BCR-ABL1 rearrangement, RT-PCR"
L2549,"Minor BCR-ABL1 rearrangement, RT-PCR"
L2550,"PML-RARA rearrangement, RT-PCR"
L2551,"E2A-PBX1 (TCF3-PBX1) rearrangement, RT-PCR"
L2552,"RUNX1-RUNX1T1 (AML1-ETO) rearrangement, RT-PCR"
L2553,"ETV6-RUNX1 (TEL-AML1) rearrangement, RT-PCR"
L2555,Huntington's disease
L2556,DRPLA
L2557,SCA3
L2558,SCA1
L2559,SBMA (Kennedy disease)
L2560,"SCA panel (SCA1,2,3,6,7)"
L2561,Apo-E genotyping
L2562,"DMD/BMD, exon del/dup test"
L2564,"DMD/BMD, linkage test"
L2566,ABO genotyping
L2567,SCA2
L2568,SCA6
L2569,SCA7
L2572,"beta-Thalassemia HBB gene, 확진(sequencing)"
L2574,"Prothrombin thrombophilia, F2, 20210G>A"
L2575,"Factor V Leiden thrombophilia, F5, 1691G>A (R506Q)"
L2576,"Achondroplasia, G380R"
L2578,"LHON, 4종(3460, 11778, 14484, 4171)"
L2581,"BMT monitoring, pre-BMT test (STR)"
L2582,"BMT monitoring, post-BMT test (STR)"
L2583,"LHON, 3종(3460, 11778, 14484)"
L2584,"LHON, MT-ND4, m.11778G>A"
L2585,"LHON, MT-ND6, m.14484T>C"
L2586,"LHON, MT-ND1, m.3460G>A"
L2587,"LHON, MT-ND1, m.4171C>A"
L2593,"MTHFR, 677C>T"
L2594,"Hemochromatosis, C282Y"
L2595,"DYT1, GAG deletion"
L2596,"Norrie Disease, NDP sequencing"
L2597,"Deafness, GJB2 sequencing"
L2598,"Deafness, MT-RNR1, m.1555A>G"
L2599,"Deafness, MT-TS1, m.7445A>G"
L2601,"Chromosome, constitutional"
L2602,"Chromosome, malignancy"
L2605,Chromosome breakage test for Fanconi anemia (MMC-stress법)
L2606,Chromosome breakage test for Fanconi anemia(DEB-stress법)
L2611,"PraderWilli/Angelman,FISH"
L2613,"DiGeorge-Velocardio, FISH"
L2614,"Kallmann, FISH"
L2615,"Miller-Dieker, FISH"
L26177,"PDGFRβ (5q32-q33), FISH"
L26178,"MM (IGH,D13S319,1q21 gain,p16,4;14,p53,MAF) (Diagnosis & Prognosis) panel, FISH"
L26179,"MM (4;14,D13S319,p53,MAF) (IMWG Risk) panel, FISH"
L26181,"IGH/MAF(14;16) rearrangement, FISH"
L2619,"Williams, FISH"
L2631,"BCR/ABL(9;22) rearrangement, FISH"
L2632,"PML/RARA(15;17) rearrangement, FISH"
L2633,"X/Y Chromosome, FISH"
L2634,"AML1/ETO(8;21) rearrangement, FISH"
L2635,"TEL/AML1(12;21) rearrangement, FISH"
L2636,"HER-2/neu gene ISO17q, FISH"
L2637,"EGR(5q31) deletion, FISH"
L2638,"13q14.3(D13S25) deletion, FISH"
L2639,"CSF1R(5q33-q34) deletion, FISH"
L2640,"D7S522(7q31) deletion, FISH"
L2646,"CEP 08, FISH"
L2647,"CEP 12, FISH"
L2651,"D20S108(20q12) deletion, FISH"
L2652,"p53(17p13) deletion, FISH"
L2653,"ALK[t(2;5),2p23] rearrangement, FISH"
L2654,"MLL(11q23) rearrangement, FISH"
L2655,"CBFB(inv16), FISH"
L2656,"IGH/CCND1(11;14) rearrangement, FISH"
L2657,"13q14 deletion, FISH"
L2661,"N-myc(2p23-p24), FISH"
L2662,"c-myc(8q24), FISH"
L2665,"Androgen receptor(Xq12), FISH"
L2667,"Rb1(13q14) deletion, FISH"
L2669,"RARA rearrangement, FISH"
L2670,"Iso(17q), FISH"
L2671,"21q22 deletion, FISH"
L2672,"22q11.2 deletion, FISH"
L2673,"IGH/BCL2(14;18) rearrangement, FISH"
L2681,"Paraffin pretreatment, FISH"
L2682,"FGFR1 (8p11), FISH"
L2683,Eosinophil A panel_ FISH
L2684,Eosinophil B panel_ FISH
L2819,"13q14.3( D13S319) deletion, FISH"
L2821,"MYC (8q24) rearrangement, FISH"
L2822,"IGH (14q32.3) rearrangement, FISH"
L2823,"IGH/MYC(8;14) rearrangement, FISH"
L2824,"IGH/FGFR3(4;14) rearrangement, FISH"
L2825,"p16 (9p21) deletion, FISH"
L2826,"BCL6 (3q27) rearrangement, FISH"
L2827,"MALT 1(18q21) rearrangement, FISH"
L2828,"1q(1q21) gain, FISH"
L2830,"PDGFRα[CHIC2, del(4)(q12q12)] deletion, FISH"
L2831,"SRY(Yp11.3) deletion, FISH"
L2840,"EGFR/CEP 7, FISH"
L2842,"EWSR1 gene (22q12), FISH"
L2847,"1p36/1q25 & 19q13/19p13, FISH"
L2848,"TCF-3(19p13) split, FISH"
L2849,"TLX-3(5q35) split, FISH"
L2851,"AML(8;21, 15;17, MLL, CBFB) A panel, FISH"
L2852,"AML(8;21,15;17,MLL) B panel, FISH"
L2853,"ALL(9;22,12;21,MLL,p16) Child A panel, FISH"
L2854,"ALL(9;22,MLL,p16) Adult B panel, FISH"
L2855,"MDS,AA (5q,7q,CEP8,1q,20q12) A panel, FISH"
L2856,"MDS,AA (5q, CEP8,1q) B panel, FISH"
L2857,"MPN (9;22,20q12,13q14) panel, FISH"
L2858,"MPN-BC(9;22,I(17q),CEP8) panel, FISH"
L2859,"T-ALL (p16,TLX3,1q21) panel, FISH"
L2860,"Lymphoma(p16,IGH,BCL6,1q25) B-cell panel, FISH"
L2865,"CLL (ATM, CEP12, 13q, p53, 11;14) panel, FISH"
L2866,"MDS panel A + AML panel A, FISH"
L2867,"BAL(ALL+8;21) panel, FISH"
L2868,"IGH(14q32), FICTION-FISH"
L2870,"1q21 gain, FICTION-FISH"
L2871,"p16(9p21), FICTION-FISH"
L2872,"ATM gene, FISH"
L3001,Admission Panel
L30011,Admission Panel(Cholesterol 제외)
L3002,Liver Panel 1
L3003,Calcium
L3004,Phosphorus
L3005,Glucose
L3006,BUN
L3007,Uric Acid
L3008,Cholesterol
L3009,"Protein, total"
L3010,Albumin
L30101,VBGA
L30102,Cord ABGA
L3011,"Bilirubin, total"
L3012,Alkaline phosphatase (ALP)
L3014,GOT (AST)
L3015,GPT (ALT)
L3016,GGT
L3018,"Bilirubin, direct"
L3020,Amylase(S)
L3022,CK (CPK)
L3023,LD (LDH)
L3025,ADA (Adenosine deaminase)
L3026,GOT/GPT Panel
L3031,Cystatin C (소아진검시행)
L3041,Creatinine
L3042,Cystatin C
L3043,Sodium (serum)
L3044,Potassium (serum)
L3045,Chloride (serum)
L3046,Electrolyte Panel-TCO2포함
L30462,Electrolyte Panel-TCO2제외
L3047,"CO2, total (serum)"
L3051,Iron
L3052,TIBC
L3053,Iron Panel
L3059,Lipid Panel-B
L3060,Lipid Panel-A
L30601,Admission+Lipid A Panel
L30602,Admission+Lipid B Panel
L30603,Liver+Lipid A Panel (γ-GT포함)
L30604,Liver+Lipid B Panel (γ-GT포함)
L30605,Liver+Lipid A Panel (γ-GT제외)
L30606,Liver+Lipid B Panel (γ-GT제외)
L3061,Triglyceride (TG)
L3062,HDL-Cholesterol
L3065,Apolipoprotein A1
L3066,Apolipoprotein B
L3068,LDL-Cholesterol
L3069,Magnesium
L3070,Renal Panel
L30701,"NGAL, quantitative test"
L3071,"1,5 AG (Anhydro-D-Glucitol)"
L3072,Liver Panel 2(γ-GT제외)
L3073,Glycoalbumin
L3074,Renal Panel(CO2제외)
L3075,Ammonia
L3076,B-type Natriuretic Peptide (BNP)
L3077,"Calcium, ionized"
L3078,Ketone bodies
L3079,Lipase
L3080,Osmolality (serum)
L3081,CSF LD
L3082,ABGA
L3083,CO-OXIMETER
L3084,CK-MB
L3085,Troponin I
L3086,Myoglobin
L3087,"Procalcitonin, quantitation (PCT)"
L3088,Protein (Body Fluid Except CSF)
L3089,CSF Protein
L3090,CSF Glucose
L3091,CSF Chloride
L3092,hs-CRP quantitation
L3093,CSF Amylase
L3094,Glucose (Body Fluid Except CSF)
L3095,Chloride (Body Fluid Except CSF)
L3096,LD (Body Fluid Except CSF)
L3097,Amylase (Body Fluid Except CSF)
L3098,Body Fluid Chemistry (Except CSF)
L3099,CSF Chemistry
L3101,Sodium (24hrs Urine)
L31010,Sodium (random urine)
L3102,Potassium (24hrs Urine)
L31020,Potassium (random urine)
L3103,Chloride (24hrs Urine)
L31030,Chloride (random urine)
L3104,Calcium (24hrs Urine)
L31040,Calcium (random urine)
L3105,Magnesium (24hrs Urine)
L31050,Magnesium (random urine)
L3106,Phosphorus (24hrs Urine)
L31060,Phosphorus (random urine)
L3107,Uric acid (24hrs Urine)
L31070,Uric acid (random urine)
L3108,Glucose quan. (24hrs Urine)
L31080,Glucose quan. (random urine)
L3109,Protein (24hrs Urine)
L31090,Protein (random urine)
L3111,Creatinine (24hrs Urine)
L31110,Creatinine (random urine)
L3112,Creatinine Clerarance (Ccr)
L3113,Urea nitrogen (24hrs Urine)
L31130,Urea nitrogen (random urine)
L3115,Amylase (24hrs Urine)
L31150,Amylase (random urine)
L3116,Amylase clearance
L3117,Microalbumin (24hrs urine)
L31170,Microalbumin (random urine)
L3118,Oxalate (24hrs urine)
L31180,Oxalate (random urine)
L3119,Citrate (24hrs urine)
L31190,Citrate (random urine)
L3120,Electrolyte Panel (24hrs urine)
L31200,Electrolyte Panel (random urine)
L3121,PET(Peritoneal Equilibration Test)
L3122,KT/V Peritoneal Dialysis Efficiency Test
L3123,NAG(N-acetylglucosaminidase) (random urine)
L3124,fractional excretion of sodium(FENa)
L3125,tubular reabsorption of phosphate(TRP)
L3150,Osmolality (urine)
L3151,transtubular potassium gradient (TTKG)
L3156,Cotinine
L3301,FBS (serum)
L3302,PP 30 min (serum)
L3303,PP1 (serum)
L3304,PP 90 min (serum)
L3305,PP2 (serum)
L3306,PP3 (serum)
L3311,HbA1c
L3320,FBS (urine)
L3321,PP30 (urine)
L3322,PP1 (urine)
L3323,PP 90 min (urine)
L3324,PP2 (urine)
L3325,PP3 (urine)
L3326,PP( )min (urine)
L3402,Phenobarbital
L3403,Carbamazepine (serum level)
L3405,Phenytoin (serum level)
L3411,Theophylline (serum level)
L3412,Gentamicin 농도 (serum level)
L3413,MTX (Methotrexate) (serum level)
L3418,Lithium (serum)
L34222,크롬(Cr)
L34223,코발트(Co)
L3423,Valproic Acid (serum level)
L3436,Amikacin 농도 (serum level)
L3437,Tobramycin 농도 (serum level)
L3440,Opiate
L34401,Methamphetamines-국제진료센터
L34402,Opiates-국제진료센터
L34403,Cocaine(코카인)
L34404,Cannabinoids-국제진료센터
L3441,Digoxin (serum level)
L3442,Lactate
L3444,Vancomycin (serum level)
L3445,Tacrolimus (FK-506)(serum level)
L34451,"Tacrolimus(24시간 신속검사,소아진단검사의학과시행)"
L344602,Phenobarbital - TDM
L344603,Carbamazepine - TDM
L344605,Phenytoin - TDM
L344611,Theophylline - TDM
L344612,Gentamicin TDM (자문)
L344618,Lithium - TDM
L344623,Valproic Acid - TDM
L344636,Amikacin TDM (자문)
L344637,Tobramycin TDM (자문)
L344641,Digoxin - TDM
L344644,Vancomycin - TDM
L344645,Tacrolimus (FK-506) TDM (자문)
L3447,MPA (mycophenolic acid) (plasma level)
L3451,Phenobarbital TDM Panel(농도+자문)
L3452,Carbamazepine TDM Panel(농도+자문)
L3453,Phenytoin TDM Panel(농도+자문)
L3454,Theophylline TDM Panel(농도+자문)
L3455,Gentamicin TDM Panel(농도+자문)
L3456,Valproic Acid TDM Panel(농도+자문)
L3457,Amikacin TDM Panel(농도+자문)
L3458,Tobramycin TDM Panel(농도+자문)
L3460,Digoxin TDM Panel(농도+자문)
L3461,Vancomycin TDM Panel(농도+자문)
L3462,Lithium TDM Panel(농도+자문)
L3465,Sirolimus
L3471,Everolimus
L3472,Busulfan
L3473,Voriconazole(연구용)
L34741,Levetiracetam
L34742,Topiramate
L34743,Oxcarbazepine(MHD)
L34744,Lamotrigine
L3501,"PEP (protein electrophoresis, serum)"
L3505,LD isoenzyme
L3507,Haptoglobin
L3508,Ceruloplasmin
L3509,α₁-Antitrypsin
L3510,Transferrin
L3511,Selectivity Index
L35111,Select. index
L35112,Select. Index Serum Transferine
L35113,Select. Index Urine Transferine
L35114,Immunoglobulin G (serum)
L35115,Immumoglobulin G (urine)
L3520,Immunoelectrophoresis (serum)
L3522,Immunoglobulin G
L3523,Immunoglobulin A
L3524,Immunoglobulin M
L3527,Complement C3
L3529,Complement C4
L3530,"Kappa Free Light Chain, serum"
L3531,CSF Albumin
L3532,CSF IgG
L3533,Prealbumin
L3537,"Immunofixation electrophoresis (IFE, serum)"
L35371,"Immunofixation electrophoresis (IFE, urine)"
L3538,"Lp(a), Lipoprotein(a)"
L3539,"α-fetoprotein (직원신검용,소아진검)"
L3540,LDL particle size 분석
L3542,"Lambda Free Light Chain, serum"
L35421,"κ/λ ratio, serum"
L3551,"PEP (protein electrophoresis, urine)"
L3552,Immunoelectrophoresis (urine)
L3553,Troponin T
L3554,"Kappa Free Light Chain, urine"
L3555,"Lambda Free Light Chain, urine"
L35551,"κ/λ ratio, urine"
L35561,Pepsinogen Ⅰ
L35562,Pepsinogen Ⅱ
L3705,Anti-TSHr
L37121,Metanephrine
L37122,Normetanephrine
L3717,SHBG
L3729,CYFRA 21-1
L3730,PIVKA-II
L3731,Plasma Hb
L3732,Homocysteine
L3733,Neuron specific enolase (NSE)
L3742,C-Telopeptide (CTX)
L3743,Parathyroid hormone (PTH)
L3753,sFlt-1/PlGF
L3762,Fructose (semen)
L3767,ICG test
L3770,pro Brain natriuretic peptide(proBNP)
L3771,Prostate Specific Antigen(PSA)
L3772,Free Prostate Specific Antigen(Free PSA)
L3773,Physical stone analysis
L3781,"Ferritin(24시간 신속검사,진단검사의학과시행)"
L3782,"Cyclosporine (24시간 신속검사,소아진단검사의학과시행)"
L3783,iPTH(수술장용)
L3784,Pre-Incision iPTH(수술장용)
L3785,Pre-Excision iPTH (수술장용)
L3786,Post 5min.iPTH(수술장용)
L3787,Post 10min.iPTH(수술장용)
L3788,Tissue fluid. iPTH(수술장용)
L3791,RBC membrane protein
L3801(그룹),Neonatal screening (NST)(외주)
L38010,NST
L38012,NST(Galactose)(외주)
L38018,MPS II Hunter(외주)
L38019,MPS VII Sly(외주)
L3802,Newborn Screening by MS/MS (NST 41종)(외주)
L38020,(검진용)NST(Hunter)
L38022,"(검진용)NST(LSD, Lysosomal Storage Disease)"
L3807,Galactokinase (Galactosemia)(외주)
L3808,"UDP-Gal Epimerase (Gal-EP, Galactosemia)(외주)"
L3810,Galactosemia confirm
L3811,FeCl₂(외주)
L3813,Orotic acid(외주)
L3814,MPS screening test(외주)
L3817,Acid-α-glucosidase (Pompe)(외주)
L3818,β-Glucocerebrosidase (Gaucher)(외주)
L3819,Hexoseaminidase (Tay-Sachs)(외주)
L3824,Arylsulfatase A (Metachromatic leukodystrophy)(외주)
L3828,Gal-1-P (Galactosemia)(외주)
L3829,Gal-1-P UT (Galactosemia)(외주)
L3830,마약확진검사 1
L3832,마약확진검사 2
L3833,마약확진검사 3
L3844,α-iduronidase (Hurler/Scheie)(외주)
L3845,α-N-acetylglucosaminidase (Sanfilippo B)(외주)
L3846,β-galactosidase (Morquio B or GM1)(외주)
L3847,Arylsulfatase B (Maroteaux-Lamy)(외주)
L3848,β-glucuronidase (Sly)(외주)
L3849,α-galactosidase A (Fabry)(외주)
L3850,Krabbe (β-Galactocerebrosidase)(외주)
L3856,Morquio A
L3858,Quadruple marker(외주)
L3865,Sialidosis (Neuraminidase)(외주)
L3866,Biotinidase(외주)
L3868,Phenylalanine/Tyrosin panel(외주)
L3878,25(OH) vitamin D(HPLC법)(외주)
L38789,Nicotine Metabolite[금연](분당의뢰)
L4002,Gram stain
L4005,"Gram stain, Respiratory specimen culture"
L4006,"Gram stain, Gastrointestinal specimen culture"
L4007,"Gram stain, Genitourinary specimen culture"
L4008,"Gram stain, Others culture"
L4009,"Gram stain, Body fluid culture"
L4011,"Gram stain, BAL Quantitative culture"
L4017,Blood culture
L4035,VRE screening test
L4036,MRSA screening test
L4037,IRAB culture
L4038,Campylobacter jejuni/coli culture
L4039,Yersinia enterocolitica culture
L4040,CRE screening test
L4041,"Gram stain, Surgery"
L4102,AFB panel 1 (AFB stain/culture)
L41021,AFB Panel(결핵접촉자 검진사업)
L4112,"항결핵약제신속내성검사: RMP,INH"
L4115,MTB Drug Susceptibility
L4116,NTM Drug Susceptibility
L4117,"AFB panel 2 (AFB stain/culture, TB/NTM PCR)"
L4120,Acid Fast Fluorescent Stain
L4122,AFB culture
L4307,Cryptococcus Ag
L4318,Rotavirus Ag
L4322,Adenovirus antigen
L4324,"C.difficile toxin assay, stool"
L4325,RSV IFA
L4326,Adenovirus IFA
L4327,Influenza virus Type A IFA
L4328,Influenza virus Type B IFA
L4329,ParaInfluenza virus Type1 IFA
L4330,ParaInfluenza virus Type2 IFA
L4331,ParaInfluenza virus Type3 IFA
L4332,Varicella-zoster virus DFA
L4334,RSV antigen test
L4338,Influenza A/B virus 신속항원검사
L4341,Legionella urinary antigen test
L4342,Streptococcus pneumoniae urinary antigen test
L4355,Diarrhea virus Antigen panel
L4356,Norovirus Antigen
L4358,"Calprotectin, Quantitative (Low level)"
L4359,"Calprotectin, Quantitative (High level)"
L4360,Pneumocystis jirovesii 형광염색(PCP형광염색)
L4361,Carba NP test
L4401,Herpes Simplex virus culture
L4402,Cytomegalovirus culture
L4403,Respiratory Syncytial V. culture
L4404,Adenovirus culture
L4405,Influenza virus culture Panel
L4406,Parainfluenza virus culture Panel
L4407,Enterovirus culture
L4408,Varicella Zoster Virus culture
L4412,Ureaplasma culture
L4413,M. hominis culture
L4420,Herpes virus(3종) culture Panel (HSV/CMV/VZV)
L4502,India ink
L4512,"진균 검경, Respiratory fungus culture"
L4513,"진균 검경, Gastrointestinal fungus culture"
L4514,"진균 검경, Genitourinary fungus culture"
L4515,"진균 검경, Others specimen fungus culture"
L4516,"진균 검경, Blood fungus culture"
L4517,"진균 검경, Body fluid fungus culture"
L4520,진균 검경
L5005,"HLA-A(DNA,high)"
L50051,"HLA-A,Donor (high)"
L5006,"HLA-B(DNA,high)"
L50061,"HLA-B,Donor (high)"
L5007,Neutrophil H2O2 DHR Test
L5009,HLA crossmatch panel
L50091,"HLA crossmatch, B-FLOW"
L50092,"HLA crossmatch,T-AHG"
L50093,"HLA crossmatch,T-FLOW"
L50094,HLA 항체 단일항원동정검사 class I
L50095,HLA 항체 단일항원동정검사 class II
L50096,"HLA crossmatch,T-NIH (약어: HLA-XM,T-NIH)"
L5010,"HLA-DR(DNA,low)"
L50101,"HLA-DR,Donor (low)"
L5012,"HLA-DQ(DNA,high)"
L50121,"HLA-DQ,Donor (high)"
L5013,HLA-B27
L5014,"HLA-Cw(DNA,high)"
L50141,"HLA-C,Donor (high)"
L5015,"HLA-DQ(DNA,low)"
L50151,"HLA-DQ,Donor (low)"
L5016,"CD34 absolute count(PB,PBSC)"
L5021,CD3(Pan T)
L50211,CD4/CD8 ratio (BAL)
L5022,CD4(H/I T)
L5023,CD8(S/C T)
L50321,CD19(B cell)-Subset용
L5035,CD16/CD56(NK cell)
L5055,"T cell subset panel(CD3,CD4,CD8)"
L50561,Anti-platelet Ab(외주)
L50581,"PRA선별,class I"
L50582,"PRA선별,class II"
L50591,"PRA동정,class I"
L50592,"PRA동정,class II"
L5073,"HLA-A(DNA,low)"
L50731,"HLA-A,Donor (low)"
L5074,"HLA-B(DNA,low)"
L50741,"HLA-B,Donor (low)"
L5075,"HLA-Cw(DNA,low)"
L5076,"HLA-DR(DNA,high)"
L50761,"HLA-DR,Donor (high)"
L5087,TB Specific Ag induced Interferon gamma
L5101,ASO
L5103,Rheumatoid factor
L5105,RPR정성(serum)
L5106,RPR정량(serum)
L5108,FTA-ABS
L5110,Syphilis TP antibody(Serum)
L5111,HBsAg
L5112,Anti-HBs
L5113,Syphilis TP antibody(CSF)
L51131,Anti-SSA(Ro) Ab
L51132,Anti-SSB(La) Ab
L5115,HTLV Antibody
L5117,"HIV(Ag,Ab)"
L5118,Anti-HCV
L5122,Cold agglutinin
L5123,Cryoglobulin
L5128,Antinuclear Ab(FANA)
L5132,Mycoplasma Ab
L5134,Toxoplasma IgG Ab
L5135,Toxoplasma IgM Ab
L5140,H. pylori IgG Ab
L5141,Antinuclear Ab titer(FANA)
L5142,CMV IgM Ab
L5143,Rubella IgM Ab
L5144,Rubella IgG Ab
L5145,Herpes simplex IgM Ab
L5146,EBV VCA IgM Ab
L5147,Herpes simplex IgG Ab
L51471,"Varicella zoster Ab, IgG"
L5148,EBV VCA IgG Ab
L5150,"MAST, Inhalant panel"
L5151,"MAST, Food panel"
L5152,ECP (ImmunoCAP)
L5154,CMV IgG Ab
L5155,Anti-CCP (Anti-cyclic citrullinated peptide antibody)
L5156,"d1,IgE(ImmunoCAP)-D.pteronyssinus"
L5157,"d2,IgE(ImmunoCAP)-D.farinae"
L5158,"d1,IgG4(ImmunoCAP)-D.pteronyssinus"
L5159,"d2,IgG4(ImmunoCAP)-D.farinae"
L5160,Total IgE (ImmunoCAP)
L5161,"HAV Ab IgM(24시간 신속검사,소아진단검사의학과시행)"
L5162,HBeAg(진검시행)
L5163,HBeAb(진검시행)
L5164,AMH(Anti-Mullerian hormone)
L5165,HBsAg quantitation
L5169,Paraneoplastic Ab (부종양성항체)
L5170,HIV보건원의뢰검사
L5171,"RPR(VDRL,AUTO) 24시간검사시행,소아진검"
L5172,Aspergillus Ag-galactomannan
L5173,HBcAb(IgG)(진검시행)
L5174,HBcAb(IgM)(진검시행)
L5175,VDRL정성(CSF Only)
L5176,VDRL정량(CSF Only)
L51771,"i6,IgE(ImmunoCAP)-Cockroach"
L51772,"e1,IgE(ImmunoCAP)-Cat"
L51773,"e5,IgE(ImmunoCAP)-Dog"
L51774,"gx2,IgE(ImmunoCAP)-grass mixture"
L51775,"tx9,IgE(ImmunoCAP)-tree mixture"
L51776,"wx5,IgE(ImmunoCAP)-weed mixture"
L51777,Specific IgE F1-계란흰자
L51778,Specific IgE F2-우유
L51779,Specific IgE F4-밀
L51780,Specific IgE F11-메밀
L51781,Specific IgE F13-땅콩
L51782,Specific IgE F14-콩
L5201,"T3(24시간 검사시행, 진검)"
L52011,"T3(24시간검사시행,진검)"
L5202,"T4(free)(24시간 검사시행, 진검)"
L52021,"T4(free)(24시간검사시행,진검)"
L5203,"TSH(24시간 검사시행, 진검)"
L52031,"TSH(24시간검사시행,진검)"
L5205,LH(진검시행)
L5206,FSH(진검시행)
L5207,"Cortisol(Serum)(24시간검사시행,진검)"
L5211,E2(Estradiol)(진검시행)
L5212,Insulin(진검시행)
L5214,PTH(intact)
L5215,"AFP(24시간검사시행,진검)"
L5216,"β-HCG(serum)(24시간검사시행,진검)"
L5217,Progesterone
L5219,Folate(진검시행)
L5220,Thyroglobulin(진검시행)
L5221,C-Peptide(진검시행)
L5222,Vitamine B12(진검시행)
L5224,CA 19-9(진검시행)
L5225,CA-125(진검시행)
L5226,SCC(진검시행)
L5227,CA 15-3(진검시행)
L5230,Anti-Thyroglobulin Ab (진검시행)
L5231,Anti TPO Ab(진검시행)
L5232,CEA(진검시행)
L5233,Pro GRP (진검시행)
L5234,ACTH(Adrenocorticotropic Hormone)
L5235,Human epididymis protein 4 (HE4)
L5237,Growth hormone (GH)
L5238,Prolactin
L5239,Testosterone
L5240,Insulin-Like Growth Factor 1
L6001,Stool exam (parasite)
L6002,"Helminth, ova"
L6003,Protozoa
L6010,Human hemoglobin
L6032,Malaria
L6033,Filaria
L6034,"Fat, qual."
L60341,Fatty acid
L60342,Neutral fat
L6035,P.w.ova
L6036,C. pavum
L6101,UA
L6131,Microscopy(검사24시간가능)
L6143,Hemosiderin
L6153,Dysmorphic RBC
L6154,U/A (Stick + Microscopy) PANEL
L6155,hCG (urine)
L7020,ABO typing
L7021,Rh typing
L7022,골수이식용 Two way cross matching
L7023,Direct Coombs` test(검사중단)
L7024,Indirect Coombs` test(검사중단)
L7025,Antibody screening
L7026,Ab identification
L7027,Isoagglutinin titer(검사중단)
L70271,Blood Group Antibody Quantification(IgG anti-A)
L70272,Blood Group Antibody Quantification(IgG anti-B)
L70273,Blood Group Antibody Quantification(IgM anti-A)
L70274,Blood Group Antibody Quantification(IgM anti-B)
L7028,RhD Ab titer
L7029,ABO/Rh Panel
L7032,"헌혈실용(ABO, Rh 검사, HBsAg, Anti-HIV, Anti-HCV, Anti-HTLV, Hb,ALT, VDRL)"
L7033,Other blood typing
L7034,Antibody elution
L7035,Secretor test(검사중단)
L7036,Donath-Landsteiner Ab
L7037,Coombs` Anti-Ig G
L7040,Coombs` Anti-C₃d
L7041,K antigen
L7042,k antigen
L7044,Emergency Donor Test
L7048,Polyethylene Glycol
L7049,Polybrene test(검사중단)
L7050,T & S (ABO/Rh Type & Antibody Screening)
L7056,ABO Subgroup test(일시검사중단)
L7057,"A,B Transferase test(검사중단)"
L7060,Lea antigen
L7061,Leb antigen
L7062,M antigen
L7063,N antigen
L7064,S antigen
L7065,s antigen
L7066,Fya antigen
L7067,Fyb antigen
L7068,Jka antigen
L7069,JKb antigen
L7071,A1 antigen
L7072,H antigen
L7075,Du혈액형검사
L7076,"Rh-Hr Subgroup혈액형검사(C, c, E, e)"
L70761,C antigen
L70762,c antigen
L70763,E antigen
L70764,e antigen
L7077,Direct Coombs` test
L7078,Indirect Coombs` test
L7079,혈소판항체검사(검사일시중단)
L7080,"헌혈실용(ABO,Hb,ALT,VDRL)"
L7081,혈액형아형 검사
L7082,P1 antigen
L7101,"1,25(OH)2 vitamin D3(외주)"
L71011,Amylase EP(S)(U)
L71012,Bile Acid
L71013,항 아쿠아포린4 IgG
L71014,뉴로파마젠 (Neuropharmagen)
L7103,11-DOCS
L7104,11-Deoxycortisol (11-DOC)(외주)
L7105,11-OHCS(외주)
L7106,17-Hydroxy-Pregnenolone(외주)
L7107,17-KS(외주)
L7108,18-OH-Deoxycorticosterone(외주)
L7110,acid phosphotase(ACP)(외주)
L7111,Adenovirus 1 NT(외주)
L7112,Adenovirus 2 NT(외주)
L7113,Adenovirus 3 NT(외주)
L7114,Adenovirus 4 NT(외주)
L7115,Adenovirus 5 NT(외주)
L7116,Adenovirus 6 NT(외주)
L7117,Adenovirus 7 NT(외주)
L7118,Adenovirus 8 NT(외주)
L7119,Adenovirus 11 NT(외주)
L7120,Adenovirus 19 NT(외주)
L7121,Adenovirus Type 37(외주)
L7122,Aldolase(외주)
L7123,Aluminium(serum)(외주)
L7124,Androstenedione(외주)
L7125,Androsterone(외주)
L7126,Angiotesin 2(외주)
L7127,Angiotensin converting enzyme (ACE)(외주)
L7128,Anti gastric perietal (AGP) Ab(외주)
L7129,GBM Ab
L7130,Anti-Jo 1 Ab(외주)
L7131,Anti-MAG Ab(외주)
L7132,Anti-mitochondrial Ab (AMA)(외주)
L7133,Anti-neutrophil cytoplasmic Ab (ANCA)(외주)
L7134,Anti-RNP Ab(외주)
L7135,SCL70 Ab
L7136,Smith Ab(외주)
L7137,Smooth muscle Ab(SMA)(외주)
L7138,Anti-SSA/Ro Ab(외주)
L7139,Anti-SSB/La Ab(외주)
L71401,ASCA IgA 항체검사
L71402,ASCA IgG 항체검사
L71403,ASCA 항체검사
L71404,Aquaporin-4 Antibody [Flow Cytometry]
L71405,MOG-Ab (FACS live cell assay)
L7142,C1 esterase inhibitor(외주)
L71421,PRA 동정(Class I)(외주)
L71422,PRA 동정(Class II)(외주)
L7145,Cadmium(외주)
L7147,Chlamidia Trachomatis Ab IgG(외주)
L7148,Chromium(외주)
L7149,Clonazepam(외주)
L7150,"CMV Ab IgG (EIA, Titer)(외주)"
L7151,Collagen IV(외주)
L7152,Collagen IV-7S(외주)
L7153,Coxsackie A Ab type 2(외주)
L7154,Coxsackie A Ab type 3(외주)
L7155,Coxsackie A Ab type 4(외주)
L7156,Coxsackie A Ab type 5(외주)
L7157,Coxsackie A Ab type 6(외주)
L7158,Coxsackie A Ab type 7(외주)
L7159,Coxsackie A Ab type 9(외주)
L7160,Coxsackie A Ab type 10(외주)
L7161,Coxsackie A Ab type 16(외주)
L7162,Coxsackie B Ab type 1(외주)
L7163,Coxsackie B Ab type 2(외주)
L7164,Coxsackie B Ab type 3(외주)
L7165,Coxsackie B Ab type 4(외주)
L7166,Coxsackie B Ab type 5(외주)
L7167,Coxsackie B Ab type 6(외주)
L7168,Creatine(외주)
L7171,"EBV EA Ab, IgA(외주)"
L7172,"EBV EA Ab, IgG (EIA, Titer)(외주)"
L7173,"EBV EA Ab, IgM(외주)"
L7174,"EBV EBNA Ab, IgG (EIA, Titer)(외주)"
L7175,"EBV VCA Ab, IgA(외주)"
L7177,Echovirus Ab type 1(외주)
L7178,Echovirus Ab type 3(외주)
L7179,Echovirus Ab type 4(외주)
L7180,Echovirus Ab type 5(외주)
L7181,Echovirus Ab type 6(외주)
L7182,Echovirus Ab type 7(외주)
L7183,Echovirus Ab type 9(외주)
L7184,Echovirus Ab type 11(외주)
L7185,Echovirus Ab type 12(외주)
L7186,Echovirus Ab type 13(외주)
L7188,Echovirus Ab type 16(외주)
L7189,Echovirus Ab type 17(외주)
L7190,Echovirus Ab type 18(외주)
L7191,Echovirus Ab type 19(외주)
L7192,Echovirus Ab type 21(외주)
L7193,Echovirus Ab type 22(외주)
L7194,Echovirus Ab type 24(외주)
L7195,Echovirus Ab type 25(외주)
L7196,Echovirus Ab type 30(외주)
L7197,Enterovirus Ab type 70(외주)
L7198,Enterovirus Ab type 71(외주)
L7199,Erythropoietin(EPO)(외주)
L7201,ESR(외주)
L7202,Estriol(외주)
L7203,FTA-ABS IgM 19S(외주)
L7205,Gastrin(외주)
L7206,GD1 B Ab IgG(외주)
L7207,GD1 B Ab IgM(외주)
L7208,Glucagon(외주)
L7209,Anti-GM1 IgG isotype(외주)
L7210,Anti-GM1 IgM isotype(외주)
L72100,Tryptase(외주)
L721001,Tryptase
L72102,ADAMTS-13
L7211,Hantan virus Ab (quan)(외주)
L7217,Herpes simplex virus Type I Ig G Ab(외주)
L7218,Herpes simplex virus Type II Ig G Ab(외주)
L7219,"Herpes simplex virus Ab, IgG(외주)"
L7221,MMA (Methylmalonic acid)(외주)
L7223,Hydroxyproline(외주)
L7224,IgG subclass I(외주)
L72240,PAI-1(Plasminogen Activator Inhibitor-1) Immunologica(외주)
L7225,IgG subclass II(외주)
L7226,IgG subclass III(외주)
L7227,IgG subclass IV(외주)
L7228,Infuluenza virus Ab type A(외주)
L7229,Infuluenza virus Ab type B(외주)
L7230,Insulin Ab(외주)
L7231,Insulin receptor Ab(외주)
L7232,Intrinsic factor Ab(외주)
L723221,CMA(AF)
L72323,Free Kappa light chain(Urine)
L72324,Free Lambda light chain(Urine)
L72325,κ/λ ratio(Urine)
L72326,Krebs von den Lungen-6 (KL-6)
L7233,Ketone body fraction(외주)
L7234,Legionelle Ab(외주)
L7235,Leptospira Ab(외주)
L7236,Lyme Ab (B. burgdroferi)(외주)
L72361,질병관리본부 기타검사
L72362,Zika virus_임신부(질병관리본부)
L7241,Hg (mercury)(외주)
L7242,metanephrine(외주)
L72422,"Metanephrine(Meta, Normeta, Urine)(외주)"
L7246,Myelin basic protein(외주)
L7249,Neopterin(외주)
L7251,Parainfluenza virus Ab type 1(외주)
L7252,Parainfluenza virus Ab type 2(외주)
L7253,Parainfluenza virus Ab type 3(외주)
L7254,Parainfluenza virus Ab type 4(외주)
L7255,"Pepsinogen I, II ratio(외주)"
L7256,Phospholipid(외주)
L7258,Pyruvate(외주)
L7259,"Respiratory syntcytial virus Ab, IgG(외주)"
L7260,"Respiratory synctial virus Ab, IgM(외주)"
L7262,Citrate (24hrs urine)(외주)
L72621,Citrate (random urine)(외주)
L7264,Rickettsia Tsutsugamushi Ab(외주)
L7268,Somatomedin C(외주)
L7270,Thromboxane B2(외주)
L7271,Total lipid(외주)
L7273,Toxoplasma Ab IgM(외주)
L7274,"Tumor necrosis factor, alpha(외주)"
L7276,VZV IgG (Varicella zoster Ab IgG)(외주)
L7277,VZV IgM (Varicella zoster Ab IgM)(외주)
L7278,Very long chain fatty acid (VLCFA)(외주)
L7280,Organic acid(외주)
L7281,VWF ristocetin cofactor(외주)
L7282,VWF: Ag(외주)
L7283,Ts Ab (Thyroid stimulating Ab)(외주)
L7284,Elastase I (stool)(외주)
L7286,"기생충 항체, 4종, serum(외주)"
L72860,Parasite specific Ab IgG(외주)
L7287,"기생충 항체, 4종, CSF(외주)"
L72871,Toxocariosis(외주)
L72872,Echinococcus Ab(외주)
L72873,Fasciola hepatica Ab(외주)
L72874,Trichinella Ab(외주)
L72875,Anisakis Ab(외주)
L7288,"기생충 항체, 4종, other (body fluid)(외주)"
L7291,TBPE(외주)
L72924,"Catecholamine (NE, Epinephrine, Dopamine, blood)(외주)"
L72925,"Catecholamine (NE, Epinephrine, Dopamine, urine)(외주)"
L7293,Free testosterone(외주)
L7294,ALP isoenzyme(외주)
L7296,모발미네랄중금속검사 TMA(Tissue Mineral Analysis)(외주)
L72963,Stone analysis (Physical)
L7300,ADH(외주)
L7303,Anti-neutrophil cytoplasmic Ab (ANCA) titer(외주)
L7324,Hb EP(외주)
L7325,Oligoclonal band(외주)
L7327,17-OHCS(외주)
L7329,"VMA, quan.(외주)"
L7330,5-HIAA(외주)
L7331,HBV YMDD Mutation(외주)
L7332,"Total porphyrin (urine), qual.(외주)"
L7335,Coproporphyrin (24h urine)(외주)
L7336,Uroporphyrin (24h urine)(외주)
L7337,PBG (qual.)(외주)
L7338,PBG (quan.)(외주)
L7339,δ-ALA(외주)
L73391,Salicylate (Aspirin)(외주)
L73392,Treponema pallidium PCR (외주)
L7340,Free fatty acid (FFA)(외주)
L7341,Heterophile Ab(외주)
L7342,Amoeba Ab(외주)
L7343,Primidone (serum level)(외주)
L7347,C1 esterase inhibitor activity(외주)
L7350,Chlamydia pneumoniae PCR(외주)
L7351,Chlamydia pneumoniae Ab. IgG(외주)
L7352,Chlamydia pneumoniae Ab. IgM(외주)
L7353,Mycoplasma pneumoniae Ab. IgG(외주)
L7354,Mycoplasma pneumoniae Ab. IgM(외주)
L7356,ANCA 정량(MPO Ab)(외주)
L7357,ANCA 정량(Pr III Ab)(외주)
L7358,Nuclear Matrix Protein 22 (NMP22)(외주)
L7359,"α1-Antitrypsin, Stool(외주)"
L7360,Lipoprotein EP(외주)
L7361,CK isoenzyme(외주)
L7362,PAP(Prostatic Acid Phosphatase)(외주)
L7363,Protein E.P (CSF)(외주)
L7364,Tick-Borne Encephalitis (진드기매개 뇌염)(외주)
L7366,DPD (Deoxypyridinoline)(외주)
L7368,adrenal 21-hydroxylase autoantibody(외주)
L7371,Anti delta Ab (HDV Ab)(외주)
L7372,Se(Selenium)(외주)
L7373,Amphetamine(외주)
L7374,Methamphetamine(외주)
L7375,Amniotic Fluid L/S ratio(외주)
L73771,Complement Hemolysis 50(외주)
L7379,NTx (N-telopeptide)(외주)
L7381,"뎅기열(Dengue virus Ab,보건원의뢰)(외주)"
L7382,"브루셀라(Anti Brucella Ab,국립보건원의뢰)(외주)"
L7383,"일본뇌염(J.E.B Ab,질병관리본부)(외주)"
L7384,"웨스트나일(West Nile Virus Ab,국립보건원의뢰)(외주)"
L7385,발진열(질병관리본부)(외주)
L7386,"Q열(Q fever,질병관리본부)(외주)"
L7387,"크로이츠펠트 야콥병(Protein 14-3-3,CJD,국립보건원의뢰)(외주)"
L7388,Stool enteric virus(질병관리본부)(외주)
L7389,리슈마니아증(질병관리본부)(외주)
L7390,"백일해(Bordetella pertussis,서울 보건환경연구원 의뢰)(외주)"
L7391,"Cu(Copper,Urine)(외주)"
L7392,Islet Cell Ab(외주)
L7393,Cu(tissue)(외주)
L7394,Anti-LKM-1(외주)
L7395,HER-2/neu(Serum)(외주)
L7397,Fatty Acids 4 종(외주)
L73971,PTH related peptide(외주)
L7398,Fatty Acids 12 종(외주)
L73981,Alcohol(ethanol)(외주)
L7399,Fatty Acids 34 종(외주)
L74024,Specific IgE F10 (Sesame seed)
L74031,"Specific IgE F323 (nGal d 3 Conalbumin, Egg)"
L74032,Specific IgE F233 (Ovomucoid)
L74034,Specific IgE F232 (Ovalbumin)
L74100,Amino Acid Panel(Plasma)5종목
L74104,Amino Acid Panel(Urine)5종목
L74107,Infliximab Quantification [High Quality Immunoassay]
L7418,Zn (serum)(외주)
L7419,Cu (serum)(외주)
L7435,HD유전체 대사 운동 영양(32종)
L74361,Aspergillus Ag
L74372,Specific IgE F25(토마토)
L74381,Pro GRP(외주)
L74391,MAST 93종(외주)
L74400,Anti-IA-2 antibody
L74403,AchE
L74404,Rubella Virus RT-PCR
L74405,Toxoplasma DNA PCR
L74406,인터루킨2 수용체
L74408,인터루킨-10(외주)
L74409,디하이드로 테스토스테론
L74410,IL-6
L7442,Carnitine 2분획(외주)
L7445,17-OHP
L74451,Clozapine/Norclozapine(외주)
L7447,NST(TSH)(외주)
L7449,TB drug 정량(외주)
L7453,"PG I,II Ratio"
L7455,Zinc(Urine)(외주)
L74551,Vit.E (HPLC법에의한검사)(외주)
L7458,Vitamin B6 Profile(외주)
L7459,Glucose 6-phosphate Dehyrogenase(외주)
L7462,"Carbamazepine,epoxide(외주)"
L7463,Lead (blood)(외주)
L7464,Imipramine(외주)
L7465,Desipramine(외주)
L7466,Amitriptyline(외주)
L7467,Nortriptyline(외주)
L7470,Amiodarone(외주)
L7471,HVA
L7472,Protein C Ag(Immunological)(외주)
L7473,Protein S Ag(Immunological)(외주)
L7475,"Penicilloyl G, c1(ImmunoCAP)(외주)"
L7476,"Penicilloyl V, c2(ImmunoCAP)(외주)"
L7479,"Cefaclor, c7(ImmunoCAP)(외주)"
L74801,"i6,IgE(ImmunoCAP)-Cockroach(외주)"
L74802,"e1,IgE(ImmunoCAP)-Cat dander(외주)"
L74804,"m3,IgE(ImmunoCAP)-Aspergillus fumigatus(외주)"
L74805,"m6,IgE(ImmunoCAP)-Alternaria alternata(외주)"
L74815,FX5E-Food mix(ImmunoCAP)(외주)
L74816,F27-(ImmunoCAP)-쇠고기(외주)
L74817,F50(ImmunoCAP)-고등어(외주)
L74818,F95(ImmunoCAP)-복숭아(외주)
L74819,F9(ImmunoCAP)-쌀(외주)
L7482,Aspergillus Ab IgG(외주)
L74820,F80(ImmunoCAP)-바닷가재(외주)
L74821,W22(ImmunoCAP)-환삼덩굴(외주)
L74822,F256(ImmunoCAP)-호두(외주)
L74823,F256(ImmunoCAP)-호두(외주)
L74824,I1(ImmunoCAP)-꿀벌(외주)
L74825,I2(ImmunoCAP)-흰말벌(외주)
L74826,I3(ImmunoCAP)-말벌(외주)
L74827,I4(ImmunoCAP)-쌍살벌(외주)
L74828,I5(ImmunoCAP)-호박벌(외주)
L74829,F5(ImmunoCAP)-호밀(외주)
L74830,F84(ImmunoCAP)-키위(외주)
L74831,F207(ImmunoCAP)-대합조개(외주)
L74832,F290(ImmunoCAP)-굴(외주)
L74833,K82(ImmunoCAP)-Latex(외주)
L74834,C202(ImmunoCAP)-Suxamethonium(외주)
L74835,F23(ImmunoCAP)-Crab(외주)
L74836,F24(ImmunoCAP)-Shrimp(외주)
L74837,F346(ImmunoCAP)-Abalone(전복)(외주)
L74838,Specific IgE F6(Barley)(외주)
L74839,Specific IgE F17(Hazelnut)(외주)
L7484,"Pancreatic elastase,stool(외주)"
L74840,Specific IgE F20(Almond)(외주)
L74841,Specific IgE F26(Pork)(외주)
L74842,Specific IgE F49(Apple)(외주)
L74843,Specific IgE F79(Gluten)(외주)
L74844,Specific IgE F83(Chicken)(외주)
L74845,Specific IgE F85(Celery)(외주)
L74846,Specific IgE F253(Pine nuts)(외주)
L74847,Specific IgE Hx2(House dust mixes)(외주)
L74848,Specific IgE M80(S.enterotoxin A)(외주)
L74849,Specific IgE M81(S.enterotoxin B)(외주)
L7485,PAPP-A(외주)
L74850,Specific IgE MX1(Mold mix)(외주)
L74851,Specific IgE Tx5(Tree pollen mixes)(외주)
L74852,Specific IgE F201(Pecan nut)(외주)
L74853,Specific IgE F202(Cashew nut)(외주)
L74854,Specific IgE F203(Pistachio)(외주)
L74855,Specific IgE F299(Chestnut)(외주)
L74856,Specific IgE RM226(S.Enterotoxin TSST)(외주)
L74857,Specific IgE C70(Insulin porcine)(외주)
L74858,Specific IgE C71(Insulin bovine)(외주)
L74859,Specific IgE C73(Insulin human)(외주)
L74860,Specific IgE F36(Coconut)(외주)
L74861,Specific IgE F76(락토알부민)(외주)
L74862,Specific IgE F77(락토글로불린)(외주)
L74863,Specific IgE F78(카제인)(외주)
L74864,Iodide(외주)
L74865,IgD (외주)
L74866,Specific IgE F75(계란노른자)(외주)
L74867,Specific IgE_오징어
L7487,Aspergillus Ab IgG(Immunoprecipitation)(외주)
L74870,Manganese[망간] (외주)
L748701,망간(소변)(외주)
L74871,Vitamin B1(Thiamine)
L74873,"ACP Stain(Acid Phosphatase ,외주)"
L74875,HBs Ag 정량(외주)
L74876,T-SPOT.TB
L74877,QuantiFERON-TB[직원신검](외주)
L74878,α-1 Antitrypsin
L7488,Total hCG(외주)
L74880,HEV Ab IgG(외주)
L74881,HEV Ab IgM(외주)
L7489,Inhibin-A(외주)
L7490,C1q(외주)
L74901,Soluble ST2(외주)
L74902,Chromogranin A
L74903,(1-3)-β-D-Glucan Quantitative Test
L74904,Rubella 항체 결합력
L74905,Protein S Ag (Free)(외주)
L74906,Paraneoplastic Ab
L74907,Ganglioside Ab IgM Panel (외주)
L74908,Anti-PLA2R IgG
L74909,GH
L7491,Drug test (Qualitative)[2종이상](외주)
L74910,IGF-1
L749101,Thyroglobulin
L749102,Antithyroglobulin Ab (TG Ab)
L749103,Prostate Health Index (PHI)
L749104,Total procollagen type 1 N-terminal propeptide (P1NP)
L74911,Vitamin A (retinol)(외주)
L74912,Vitamin C (Ascorbic Acid)(외주)
L7498,Widal test(외주)
L7499,Oxalate (24hrs urine)(외주)
L74991,Oxalate (random urine)(외주)
L8305,Lead(RU)
L8306,Cadmium(RU)
L8307,Total Arsenic(RU)
L8308,Mercury(RU)
L8311,Hippuric acid(녹색크리닉용)
L8312,Methylhippuric acid(녹색크리
L8313,Mandelic acid(녹색크리닉용)
L8324,Mercury(WB)
L8326,Lead(WB)
L8327,Cadmium(WB)
M3201,Red blood cell (320ml)
M3202,"FFP (Fresh frozen plasma, 320ml)"
M3203,Whole blood (320ml)
M3204,Platelet concentrate (320ml)
M3207,Washed RBC (320ml)
M3208,Cryoprecipitate (320ml)
M3212,Frozen plasma (320ml)
M3213,Buffy coat (320ml)
M3215,Therapeutic leukapheresis
M3216,치료적 혈소판 성분채집술
M3217,Plasmapheresis(C17)
M32173,이중필터혈장여과법(Double Filtration Plasmapheresis)
M3219,Leukocyte depleted RBC (320ml)-Filter오더필요
M3220,Leukocyte depleted platelet (320ml)-Filter오더필요
M3222,"Plateletpheresis (적십자혈액원, 5일보관)"
M3223,"autotransfusion (자가수혈,1회)"
M3224,"autotransfusion (자가수혈,2회이상)"
M3225,RT (방사선조사)
M3226,Bone Marrow Processing (골수조혈모세포채집술)
M3228,DLI (림프구 성분 채집술 (B))
M32282,DLI 림프구성분채집술(C)(M32282)
M3231,"LD Plateletpheresis(LDESP), (본원헌혈실, 5일보관)"
M3241,Red blood cell (400ml)
M3242,"FFP (Fresh frozen plasma, 400ml)"
M3243,Whole blood (400ml)
M3244,Platelet concentrate (400ml)
M3247,Washed RBC (400ml)
M3248,Cryoprecipitate (400ml)
M3252,Frozen plasma (400ml)
M3253,Buffy coat (400ml)
M3254,Leukocyte depleted RBC (400ml)-Filter오더필요
M3255,Leukocyte depleted platelet (400ml)-Filter오더필요
M32581,PBSCM (말초혈액조혈모세포채집술)
M3292,Donor leukapheresis
M3295,Apheresis Red Blood Cell Concentrates (SD-LRDRBCs)
M3297,세척 성분채혈 혈소판
M3298,치료적 적혈구 성분채집술
